,Var1,Freq
1,ABLE,1
2,ACCEPT,1
3,ACHIEVE,1
4,ALLOW,3
5,ASK,1
6,AUTHENTIC,4
7,AUTHENTICITY,3
8,BEST,2
9,BUILD,1
10,CAN,2
11,CHALLENGED,1
12,CONNECTION,2
13,COURTESY,1
14,CREATE,2
15,DECADES,1
16,DIFFERENT,1
17,DISCUSSION,2
18,DIVERSE,2
19,ENCOURAGED,1
20,ENGAGEMENT,1
21,ENVIRONMENT,1
22,EVERYONE,3
23,FIRST,1
24,FORWARD,1
25,GIVES,2
26,GREATNESS,3
27,HAPPY,1
28,HELP,1
29,HONESTLY,1
30,IDEAS,1
31,IMPORTANCE,1
32,INDIVIDUAL,1
33,INSIGHT,1
34,INSPIRE,3
35,LISTEN,1
36,LIVES,1
37,MEANING,2
38,MEMBERS,1
39,MEN,1
40,MESSAGE,1
41,MISTAKES,1
42,NEEDED,1
43,OK,1
44,ONE,1
45,OPENLY,1
46,ORGANIZATION,1
47,OTHERS,2
48,PERSONAL,1
49,PERSPECTIVES,1
50,PRESENT,1
51,PURPOSE,1
52,RELATIONSHIPS,1
53,RESONATED,1
54,RESOURCES,1
55,SELVES,2
56,SHARE,1
57,SHE,1
58,SPIRIT,1
59,STRIDES,1
60,TEAMS,1
61,THANKS,1
62,TIME,1
63,TOGETHER,1
64,TOMORROW,1
65,TRANSFORM,1
66,TRUE,1
67,US,2
68,VALUE,1
69,VULNERABLE,2
71,WE@LIBERTY,4
72,WILL,1
73,WITHIN,1
74,WOMEN,2
75,"WORK

",2
